Period,LoanId,InterestCollected,ScheduledInterest,ServicerAdvances,PrincipalCollected,ScheduledPrincipal,Prepayment,RealizedLoss,EndBalance,LoanStatus,DQStatus,PoolStatus,Recoveries
3,F17Q10000051,528.6458333333334,528.6458333333334,0.0,0.0,0.0,0.0,0.0,175000.0,CURRENT,0,PERFORMING,0.0
3,F17Q10000374,444.0625,444.0625,0.0,1000.0,1000.0,0.0,0.0,147000.0,CURRENT,0,PERFORMING,0.0
3,F17Q10000394,280.3125,280.3125,0.0,0.0,0.0,0.0,0.0,117000.0,CURRENT,0,PERFORMING,0.0
3,F17Q10000598,403.3333333333333,403.3333333333333,0.0,0.0,0.0,0.0,0.0,121000.0,CURRENT,0,PERFORMING,0.0
3,F17Q10000925,1323.4375,1323.4375,0.0,0.0,0.0,0.0,0.0,385000.0,CURRENT,0,PERFORMING,0.0
3,F17Q10000973,490.0,490.0,0.0,1000.0,1000.0,0.0,0.0,147000.0,CURRENT,0,PERFORMING,0.0
3,F17Q10001050,722.5,722.5,0.0,0.0,0.0,0.0,0.0,204000.0,CURRENT,0,PERFORMING,0.0
3,F17Q10001064,125.9375,125.9375,0.0,0.0,0.0,0.0,0.0,39000.0,CURRENT,0,PERFORMING,0.0
3,F17Q10001138,697.8125,697.8125,0.0,1000.0,1000.0,0.0,0.0,203000.0,CURRENT,0,PERFORMING,0.0
3,F17Q10001158,765.3125,765.3125,0.0,0.0,0.0,0.0,0.0,237000.0,CURRENT,0,PERFORMING,0.0
3,F17Q10001196,492.1875,492.1875,0.0,1000.0,1000.0,0.0,0.0,135000.0,CURRENT,0,PERFORMING,0.0
3,F17Q10001335,385.0,385.0,0.0,1000.0,1000.0,0.0,0.0,112000.0,CURRENT,0,PERFORMING,0.0
3,F17Q10001467,446.875,446.875,0.0,1000.0,1000.0,0.0,0.0,143000.0,CURRENT,0,PERFORMING,0.0
3,F17Q10001590,1113.75,1113.75,0.0,1000.0,1000.0,0.0,0.0,324000.0,CURRENT,0,PERFORMING,0.0
3,F17Q10001653,716.6666666666666,716.6666666666666,0.0,1000.0,1000.0,0.0,0.0,215000.0,CURRENT,0,PERFORMING,0.0
3,F17Q10001718,1313.125,1313.125,0.0,1000.0,1000.0,0.0,0.0,382000.0,CURRENT,0,PERFORMING,0.0
3,F17Q10001862,1096.5625,1096.5625,0.0,0.0,0.0,0.0,0.0,319000.0,CURRENT,0,PERFORMING,0.0
3,F17Q10002163,1016.4583333333334,1016.4583333333334,0.0,0.0,0.0,0.0,0.0,287000.0,CURRENT,0,PERFORMING,0.0
3,F17Q10002995,372.6666666666667,372.6666666666667,0.0,0.0,0.0,0.0,0.0,104000.0,CURRENT,0,PERFORMING,0.0
3,F17Q10003349,590.625,590.625,0.0,0.0,0.0,0.0,0.0,162000.0,CURRENT,0,PERFORMING,0.0
3,F17Q10004632,1096.875,1096.875,0.0,2000.0,2000.0,0.0,0.0,351000.0,CURRENT,0,PERFORMING,0.0
3,F17Q10005435,942.5,942.5,0.0,0.0,0.0,0.0,0.0,232000.0,CURRENT,0,PERFORMING,0.0
3,F17Q10005555,787.5,787.5,0.0,0.0,0.0,0.0,0.0,280000.0,CURRENT,0,PERFORMING,0.0
3,F17Q10006017,790.8333333333334,790.8333333333334,0.0,2000.0,2000.0,0.0,0.0,292000.0,CURRENT,0,PERFORMING,0.0
3,F17Q10006038,1365.9375,1365.9375,0.0,0.0,0.0,0.0,0.0,423000.0,CURRENT,0,PERFORMING,0.0
3,F17Q10006176,275.625,275.625,0.0,0.0,0.0,0.0,0.0,98000.0,CURRENT,0,PERFORMING,0.0
3,F17Q10006726,171.875,171.875,0.0,0.0,0.0,0.0,0.0,66000.0,CURRENT,0,PERFORMING,0.0
3,F17Q10006910,539.5833333333334,539.5833333333334,0.0,1000.0,1000.0,0.0,0.0,148000.0,CURRENT,0,PERFORMING,0.0
3,F17Q10007159,867.7083333333334,867.7083333333334,0.0,0.0,0.0,0.0,0.0,238000.0,CURRENT,0,PERFORMING,0.0
3,F17Q10007237,747.3958333333334,747.3958333333334,0.0,0.0,0.0,0.0,0.0,205000.0,CURRENT,0,PERFORMING,0.0
3,F17Q10007398,42.50000000000001,42.50000000000001,0.0,0.0,0.0,0.0,0.0,12000.0,CURRENT,0,PERFORMING,0.0
3,F17Q10007488,689.0625,689.0625,0.0,1000.0,1000.0,0.0,0.0,189000.0,CURRENT,0,PERFORMING,0.0
3,F17Q10007585,1729.0625,1729.0625,0.0,1000.0,1000.0,0.0,0.0,503000.0,CURRENT,0,PERFORMING,0.0
3,F17Q10007625,1932.0,1932.0,0.0,1000.0,1000.0,0.0,0.0,552000.0,CURRENT,0,PERFORMING,0.0
3,F17Q10007629,580.9375,580.9375,0.0,0.0,0.0,0.0,0.0,169000.0,CURRENT,0,PERFORMING,0.0
3,F17Q10007750,1246.875,1246.875,0.0,0.0,0.0,0.0,0.0,399000.0,CURRENT,0,PERFORMING,0.0
3,F17Q10008186,1531.875,1531.875,0.0,1000.0,1000.0,0.0,0.0,387000.0,CURRENT,0,PERFORMING,0.0
3,F17Q10008796,568.75,568.75,0.0,1000.0,1000.0,0.0,0.0,182000.0,CURRENT,0,PERFORMING,0.0
3,F17Q10009077,609.375,609.375,0.0,2000.0,2000.0,0.0,0.0,234000.0,CURRENT,0,PERFORMING,0.0
3,F17Q10009106,564.6875,564.6875,0.0,0.0,0.0,0.0,0.0,139000.0,CURRENT,0,PERFORMING,0.0
3,F17Q10009215,373.75,373.75,0.0,0.0,0.0,0.0,0.0,78000.0,CURRENT,0,PERFORMING,0.0
3,F17Q10009691,628.125,628.125,0.0,0.0,0.0,0.0,0.0,201000.0,CURRENT,0,PERFORMING,0.0
3,F17Q10009710,2035.0,2035.0,0.0,0.0,0.0,0.0,0.0,528000.0,CURRENT,0,PERFORMING,0.0
3,F17Q10009738,140.625,140.625,0.0,0.0,0.0,0.0,0.0,50000.0,CURRENT,0,PERFORMING,0.0
3,F17Q10009774,573.9583333333334,573.9583333333334,0.0,0.0,0.0,0.0,0.0,145000.0,CURRENT,0,PERFORMING,0.0
3,F17Q10009853,1301.5624999999998,1301.5624999999998,0.0,1000.0,1000.0,0.0,0.0,357000.0,CURRENT,0,PERFORMING,0.0
3,F17Q10010375,498.3333333333333,498.3333333333333,0.0,1000.0,1000.0,0.0,0.0,208000.0,CURRENT,0,PERFORMING,0.0
3,F17Q10010426,267.1875,267.1875,0.0,1000.0,1000.0,0.0,0.0,95000.0,CURRENT,0,PERFORMING,0.0
3,F17Q10010627,502.7083333333333,502.7083333333333,0.0,0.0,0.0,0.0,0.0,127000.0,CURRENT,0,PERFORMING,0.0
3,F17Q10010823,1031.875,1031.875,0.0,2000.0,2000.0,0.0,0.0,381000.0,CURRENT,0,PERFORMING,0.0
3,F17Q10010898,480.0,480.0,0.0,0.0,0.0,0.0,0.0,128000.0,CURRENT,0,PERFORMING,0.0
3,F17Q10010991,540.0,540.0,0.0,0.0,0.0,0.0,0.0,162000.0,CURRENT,0,PERFORMING,0.0
3,F17Q10011106,623.3333333333334,623.3333333333334,0.0,1000.0,1000.0,0.0,0.0,187000.0,CURRENT,0,PERFORMING,0.0
3,F17Q10011141,596.25,596.25,0.0,1000.0,1000.0,0.0,0.0,159000.0,CURRENT,0,PERFORMING,0.0
3,F17Q10011358,343.3333333333333,343.3333333333333,0.0,1000.0,1000.0,0.0,0.0,103000.0,CURRENT,0,PERFORMING,0.0
3,F17Q10011419,533.3333333333334,533.3333333333334,0.0,0.0,0.0,0.0,0.0,160000.0,CURRENT,0,PERFORMING,0.0
3,F17Q10011712,1147.5000000000002,1147.5000000000002,0.0,0.0,0.0,0.0,0.0,324000.0,CURRENT,0,PERFORMING,0.0
3,F17Q10012006,831.25,831.25,0.0,1000.0,1000.0,0.0,0.0,266000.0,CURRENT,0,PERFORMING,0.0
3,F17Q10012008,1836.6666666666667,1836.6666666666667,0.0,0.0,0.0,0.0,0.0,464000.0,CURRENT,0,PERFORMING,0.0
3,F17Q10012217,542.8125,542.8125,0.0,1000.0,1000.0,0.0,0.0,193000.0,CURRENT,0,PERFORMING,0.0
3,F17Q10012221,814.5833333333334,814.5833333333334,0.0,0.0,0.0,0.0,0.0,230000.0,CURRENT,0,PERFORMING,0.0
3,F17Q10012274,1459.1666666666667,1459.1666666666667,0.0,1000.0,1000.0,0.0,0.0,412000.0,CURRENT,0,PERFORMING,0.0
3,F17Q10012606,273.4375,273.4375,0.0,0.0,0.0,0.0,0.0,75000.0,CURRENT,0,PERFORMING,0.0
3,F17Q10012613,1331.25,1331.25,0.0,1000.0,1000.0,0.0,0.0,355000.0,CURRENT,0,PERFORMING,0.0
3,F17Q10012817,815.2083333333334,815.2083333333334,0.0,0.0,0.0,0.0,0.0,301000.0,CURRENT,1,PERFORMING,0.0
3,F17Q10012856,794.7916666666666,794.7916666666666,0.0,0.0,0.0,0.0,0.0,218000.0,CURRENT,0,PERFORMING,0.0
3,F17Q10012923,608.8541666666666,608.8541666666666,0.0,0.0,0.0,0.0,0.0,167000.0,CURRENT,0,PERFORMING,0.0
3,F17Q10013011,500.5208333333333,500.5208333333333,0.0,1000.0,1000.0,0.0,0.0,155000.0,CURRENT,0,PERFORMING,0.0
3,F17Q10013163,395.8333333333333,395.8333333333333,0.0,0.0,0.0,0.0,0.0,100000.0,CURRENT,0,PERFORMING,0.0
3,F17Q10013284,1121.5625,1121.5625,0.0,1000.0,1000.0,0.0,0.0,291000.0,CURRENT,0,PERFORMING,0.0
3,F17Q10013348,970.4166666666666,970.4166666666666,0.0,0.0,0.0,0.0,0.0,274000.0,CURRENT,0,PERFORMING,0.0
3,F17Q10013578,496.875,496.875,0.0,0.0,0.0,0.0,0.0,159000.0,CURRENT,0,PERFORMING,0.0
3,F17Q10013590,1046.25,1046.25,0.0,0.0,0.0,0.0,0.0,279000.0,CURRENT,0,PERFORMING,0.0
3,F17Q10013905,219.45000000000005,219.45000000000005,0.0,1000.0,1000.0,0.0,0.0,66000.0,CURRENT,0,PERFORMING,0.0
3,F17Q10014281,793.75,793.75,0.0,1000.0,1000.0,0.0,0.0,254000.0,CURRENT,0,PERFORMING,0.0
3,F17Q10014289,340.0,340.0,0.0,0.0,0.0,0.0,0.0,102000.0,CURRENT,0,PERFORMING,0.0
3,F17Q10014302,653.3333333333334,653.3333333333334,0.0,1000.0,1000.0,0.0,0.0,224000.0,CURRENT,0,PERFORMING,0.0
3,F17Q10014362,591.7708333333334,591.7708333333334,0.0,1000.0,1000.0,0.0,0.0,247000.0,CURRENT,0,PERFORMING,0.0
3,F17Q10014591,976.25,976.25,0.0,1000.0,1000.0,0.0,0.0,284000.0,CURRENT,0,PERFORMING,0.0
3,F17Q10014875,2393.4375,2393.4375,0.0,0.0,0.0,0.0,0.0,621000.0,CURRENT,0,PERFORMING,0.0
3,F17Q10015002,1584.0625,1584.0625,0.0,0.0,0.0,0.0,0.0,411000.0,CURRENT,0,PERFORMING,0.0
3,F17Q10015313,775.625,775.625,0.0,0.0,0.0,0.0,0.0,219000.0,CURRENT,0,PERFORMING,0.0
3,F17Q10015414,754.7750000000001,754.7750000000001,0.0,1000.0,1000.0,0.0,0.0,227000.0,CURRENT,0,PERFORMING,0.0
3,F17Q10015701,787.7083333333334,787.7083333333334,0.0,0.0,0.0,0.0,0.0,199000.0,CURRENT,0,PERFORMING,0.0
3,F17Q10015856,701.25,701.25,0.0,0.0,0.0,0.0,0.0,187000.0,CURRENT,0,PERFORMING,0.0
3,F17Q10015860,1418.3333333333333,1418.3333333333333,0.0,1000.0,1000.0,0.0,0.0,368000.0,CURRENT,0,PERFORMING,0.0
3,F17Q10016472,671.25,671.25,0.0,0.0,0.0,0.0,0.0,179000.0,CURRENT,0,PERFORMING,0.0
3,F17Q10017108,1228.9583333333335,1228.9583333333335,0.0,1000.0,1000.0,0.0,0.0,347000.0,CURRENT,0,PERFORMING,0.0
3,F17Q10017170,1293.75,1293.75,0.0,1000.0,1000.0,0.0,0.0,414000.0,CURRENT,0,PERFORMING,0.0
3,F17Q10017471,247.91666666666666,247.91666666666666,0.0,0.0,0.0,0.0,0.0,70000.0,CURRENT,0,PERFORMING,0.0
3,F17Q10017775,1039.0625,1039.0625,0.0,1000.0,1000.0,0.0,0.0,285000.0,CURRENT,0,PERFORMING,0.0
3,F17Q10017787,378.9583333333333,378.9583333333333,0.0,1000.0,1000.0,0.0,0.0,107000.0,CURRENT,0,PERFORMING,0.0
3,F17Q10017997,445.625,445.625,0.0,1000.0,1000.0,0.0,0.0,138000.0,CURRENT,0,PERFORMING,0.0
3,F17Q10018205,390.0,390.0,0.0,0.0,0.0,0.0,0.0,144000.0,CURRENT,0,PERFORMING,0.0
3,F17Q10018278,735.625,735.625,0.0,0.0,0.0,0.0,0.0,214000.0,CURRENT,0,PERFORMING,0.0
3,F17Q10018600,900.0,900.0,0.0,0.0,0.0,0.0,0.0,270000.0,CURRENT,0,PERFORMING,0.0
3,F17Q10019090,698.75,698.75,0.0,0.0,0.0,0.0,0.0,172000.0,CURRENT,0,PERFORMING,0.0
3,F17Q10019195,678.3333333333334,678.3333333333334,0.0,0.0,0.0,0.0,0.0,176000.0,CURRENT,0,PERFORMING,0.0
3,F17Q10019237,393.75,393.75,0.0,0.0,0.0,0.0,0.0,108000.0,CURRENT,0,PERFORMING,0.0
3,F17Q10019316,708.125,708.125,0.0,0.0,0.0,0.0,0.0,206000.0,CURRENT,1,PERFORMING,0.0
3,F17Q10019486,499.4791666666667,499.4791666666667,0.0,0.0,0.0,0.0,0.0,137000.0,CURRENT,0,PERFORMING,0.0
3,F17Q10019776,577.5,577.5,0.0,0.0,0.0,0.0,0.0,154000.0,CURRENT,0,PERFORMING,0.0
3,F17Q10020324,554.1666666666666,554.1666666666666,0.0,0.0,0.0,0.0,0.0,152000.0,CURRENT,0,PERFORMING,0.0
3,F17Q10020502,495.625,495.625,0.0,1000.0,1000.0,0.0,0.0,183000.0,CURRENT,0,PERFORMING,0.0
3,F17Q10020540,870.0,870.0,0.0,1000.0,1000.0,0.0,0.0,288000.0,CURRENT,0,PERFORMING,0.0
3,F17Q10020700,1087.5,1087.5,0.0,1000.0,1000.0,0.0,0.0,290000.0,CURRENT,0,PERFORMING,0.0
3,F17Q10021326,458.8500000000001,458.8500000000001,0.0,0.0,0.0,0.0,0.0,138000.0,CURRENT,0,PERFORMING,0.0
3,F17Q10021822,697.8125,697.8125,0.0,0.0,0.0,0.0,0.0,203000.0,CURRENT,0,PERFORMING,0.0
3,F17Q10022121,417.0833333333333,417.0833333333333,0.0,0.0,0.0,0.0,0.0,154000.0,CURRENT,0,PERFORMING,0.0
3,F17Q10022392,570.625,570.625,0.0,0.0,0.0,0.0,0.0,166000.0,CURRENT,0,PERFORMING,0.0
3,F17Q10022432,1121.25,1121.25,0.0,1000.0,1000.0,0.0,0.0,299000.0,CURRENT,0,PERFORMING,0.0
3,F17Q10022600,317.9166666666667,317.9166666666667,0.0,0.0,0.0,0.0,0.0,109000.0,CURRENT,0,PERFORMING,0.0
3,F17Q10023146,1293.75,1293.75,0.0,0.0,0.0,0.0,0.0,414000.0,CURRENT,0,PERFORMING,0.0
3,F17Q10023148,610.3125,610.3125,0.0,1000.0,1000.0,0.0,0.0,189000.0,CURRENT,0,PERFORMING,0.0
3,F17Q10023231,1304.5833333333333,1304.5833333333333,0.0,0.0,0.0,0.0,0.0,404000.0,CURRENT,0,PERFORMING,0.0
3,F17Q10023233,737.9166666666666,737.9166666666666,0.0,2000.0,2000.0,0.0,0.0,308000.0,CURRENT,0,PERFORMING,0.0
3,F17Q10023462,1430.8333333333333,1430.8333333333333,0.0,0.0,0.0,0.0,0.0,404000.0,CURRENT,0,PERFORMING,0.0
3,F17Q10023520,1586.25,1586.25,0.0,0.0,0.0,0.0,0.0,423000.0,CURRENT,0,PERFORMING,0.0
3,F17Q10023676,1386.6666666666667,1386.6666666666667,0.0,0.0,0.0,0.0,0.0,416000.0,CURRENT,0,PERFORMING,0.0
3,F17Q10023731,311.6666666666667,311.6666666666667,0.0,0.0,0.0,0.0,0.0,88000.0,CURRENT,0,PERFORMING,0.0
3,F17Q10023771,827.6041666666666,827.6041666666666,0.0,1000.0,1000.0,0.0,0.0,227000.0,CURRENT,0,PERFORMING,0.0
3,F17Q10023776,1133.125,1133.125,0.0,0.0,0.0,0.0,0.0,294000.0,CURRENT,0,PERFORMING,0.0
3,F17Q10024196,336.45833333333337,336.45833333333337,0.0,1000.0,1000.0,0.0,0.0,95000.0,CURRENT,0,PERFORMING,0.0
3,F17Q10024235,660.9375000000001,660.9375000000001,0.0,1000.0,1000.0,0.0,0.0,235000.0,CURRENT,0,PERFORMING,0.0
3,F17Q10024451,648.5583333333333,648.5583333333333,0.0,1000.0,1000.0,0.0,0.0,223000.0,CURRENT,0,PERFORMING,0.0
3,F17Q10024454,625.9333333333333,625.9333333333333,0.0,1000.0,1000.0,0.0,0.0,164000.0,CURRENT,0,PERFORMING,0.0
3,F17Q10024510,329.2708333333333,329.2708333333333,0.0,1000.0,1000.0,0.0,0.0,109000.0,CURRENT,0,PERFORMING,0.0
3,F17Q10024644,471.0416666666667,471.0416666666667,0.0,0.0,0.0,0.0,0.0,133000.0,CURRENT,0,PERFORMING,0.0
3,F17Q10024671,729.5833333333334,729.5833333333334,0.0,1000.0,1000.0,0.0,0.0,206000.0,CURRENT,0,PERFORMING,0.0
3,F17Q10024764,980.7291666666666,980.7291666666666,0.0,1000.0,1000.0,0.0,0.0,269000.0,CURRENT,0,PERFORMING,0.0
3,F17Q10024870,440.0,440.0,0.0,0.0,0.0,0.0,0.0,132000.0,CURRENT,0,PERFORMING,0.0
3,F17Q10025432,1239.5833333333335,1239.5833333333335,0.0,0.0,0.0,0.0,0.0,350000.0,CURRENT,0,PERFORMING,0.0
3,F17Q10025635,566.25,566.25,0.0,0.0,0.0,0.0,0.0,151000.0,CURRENT,0,PERFORMING,0.0
3,F17Q10025854,1017.4500000000002,1017.4500000000002,0.0,1000.0,1000.0,0.0,0.0,306000.0,CURRENT,0,PERFORMING,0.0
3,F17Q10025963,1056.6666666666667,1056.6666666666667,0.0,1000.0,1000.0,0.0,0.0,317000.0,CURRENT,0,PERFORMING,0.0
3,F17Q10026728,970.4166666666666,970.4166666666666,0.0,1000.0,1000.0,0.0,0.0,274000.0,CURRENT,0,PERFORMING,0.0
3,F17Q10026991,1175.8333333333335,1175.8333333333335,0.0,1000.0,1000.0,0.0,0.0,332000.0,CURRENT,0,PERFORMING,0.0
3,F17Q10026992,1093.7666666666667,1093.7666666666667,0.0,1000.0,1000.0,0.0,0.0,314000.0,CURRENT,0,PERFORMING,0.0
3,F17Q10027024,181.14583333333334,181.14583333333334,0.0,0.0,0.0,0.0,0.0,47000.0,CURRENT,0,PERFORMING,0.0
3,F17Q10027154,217.5,217.5,0.0,0.0,0.0,0.0,0.0,58000.0,CURRENT,0,PERFORMING,0.0
3,F17Q10027341,364.1666666666667,364.1666666666667,0.0,0.0,0.0,0.0,0.0,92000.0,CURRENT,0,PERFORMING,0.0
3,F17Q10027393,482.9166666666667,482.9166666666667,0.0,1000.0,1000.0,0.0,0.0,122000.0,CURRENT,0,PERFORMING,0.0
3,F17Q10027605,1950.5208333333333,1950.5208333333333,0.0,1000.0,1000.0,0.0,0.0,535000.0,CURRENT,0,PERFORMING,0.0
3,F17Q10027793,1008.75,1008.75,0.0,1000.0,1000.0,0.0,0.0,269000.0,CURRENT,0,PERFORMING,0.0
3,F17Q10028004,684.0625,684.0625,0.0,1000.0,1000.0,0.0,0.0,199000.0,CURRENT,0,PERFORMING,0.0
3,F17Q10028363,633.9583333333334,633.9583333333334,0.0,1000.0,1000.0,0.0,0.0,179000.0,CURRENT,0,PERFORMING,0.0
3,F17Q10028596,1541.25,1541.25,0.0,1000.0,1000.0,0.0,0.0,411000.0,CURRENT,0,PERFORMING,0.0
3,F17Q10028696,1156.25,1156.25,0.0,0.0,0.0,0.0,0.0,370000.0,CURRENT,0,PERFORMING,0.0
3,F17Q10028737,374.5833333333333,374.5833333333333,0.0,0.0,0.0,0.0,0.0,116000.0,CURRENT,0,PERFORMING,0.0
3,F17Q10028802,900.625,900.625,0.0,0.0,0.0,0.0,0.0,262000.0,CURRENT,0,PERFORMING,0.0
3,F17Q10029176,154.06249999999997,154.06249999999997,0.0,0.0,0.0,0.0,0.0,51000.0,CURRENT,0,PERFORMING,0.0
3,F17Q10029379,316.4583333333333,316.4583333333333,0.0,1000.0,1000.0,0.0,0.0,98000.0,CURRENT,0,PERFORMING,0.0
3,F17Q10029396,507.50000000000006,507.50000000000006,0.0,0.0,0.0,0.0,0.0,174000.0,CURRENT,0,PERFORMING,0.0
3,F17Q10029718,299.06249999999994,299.06249999999994,0.0,1000.0,1000.0,0.0,0.0,99000.0,CURRENT,0,PERFORMING,0.0
3,F17Q10029898,473.9583333333333,473.9583333333333,0.0,0.0,0.0,0.0,0.0,130000.0,CURRENT,0,PERFORMING,0.0
3,F17Q10030955,740.2083333333334,740.2083333333334,0.0,0.0,0.0,0.0,0.0,187000.0,CURRENT,0,PERFORMING,0.0
3,F17Q10031224,426.6666666666667,426.6666666666667,0.0,1000.0,1000.0,0.0,0.0,128000.0,CURRENT,0,PERFORMING,0.0
3,F17Q10031359,453.75,453.75,0.0,0.0,0.0,0.0,0.0,121000.0,CURRENT,0,PERFORMING,0.0
3,F17Q10031436,657.7083333333333,657.7083333333333,0.0,0.0,0.0,0.0,0.0,154000.0,CURRENT,0,PERFORMING,0.0
3,F17Q10031502,495.625,495.625,0.0,0.0,0.0,0.0,0.0,122000.0,CURRENT,0,PERFORMING,0.0
3,F17Q10031831,1469.1666666666667,1469.1666666666667,0.0,0.0,0.0,0.0,0.0,344000.0,CURRENT,0,PERFORMING,0.0
3,F17Q10031884,587.7083333333334,587.7083333333334,0.0,6000.0,6000.0,0.0,0.0,217000.0,CURRENT,0,PERFORMING,0.0
3,F17Q10032031,1269.0625,1269.0625,0.0,1000.0,1000.0,0.0,0.0,393000.0,CURRENT,0,PERFORMING,0.0
3,F17Q10032064,973.75,973.75,0.0,1000.0,1000.0,0.0,0.0,246000.0,CURRENT,0,PERFORMING,0.0
3,F17Q10032310,1542.1875,1542.1875,0.0,1000.0,1000.0,0.0,0.0,423000.0,CURRENT,0,PERFORMING,0.0
3,F17Q10032385,616.0000000000001,616.0000000000001,0.0,0.0,0.0,0.0,0.0,176000.0,CURRENT,0,PERFORMING,0.0
3,F17Q10032388,1053.6458333333333,1053.6458333333333,0.0,1000.0,1000.0,0.0,0.0,289000.0,CURRENT,0,PERFORMING,0.0
3,F17Q10032662,341.3541666666667,341.3541666666667,0.0,1000.0,1000.0,0.0,0.0,113000.0,CURRENT,0,PERFORMING,0.0
3,F17Q10032794,313.54166666666663,313.54166666666663,0.0,0.0,0.0,0.0,0.0,86000.0,CURRENT,0,PERFORMING,0.0
3,F17Q10032870,600.0,600.0,0.0,0.0,0.0,0.0,0.0,160000.0,CURRENT,0,PERFORMING,0.0
3,F17Q10032968,865.4166666666666,865.4166666666666,0.0,1000.0,1000.0,0.0,0.0,268000.0,CURRENT,0,PERFORMING,0.0
3,F17Q10033242,456.875,456.875,0.0,0.0,0.0,0.0,0.0,129000.0,CURRENT,0,PERFORMING,0.0
3,F17Q10033573,429.6875,429.6875,0.0,0.0,0.0,0.0,0.0,125000.0,CURRENT,0,PERFORMING,0.0
3,F17Q10034151,827.2916666666666,827.2916666666666,0.0,1000.0,1000.0,0.0,0.0,209000.0,CURRENT,0,PERFORMING,0.0
3,F17Q10034361,583.3333333333334,583.3333333333334,0.0,2000.0,2000.0,0.0,0.0,175000.0,CURRENT,0,PERFORMING,0.0
3,F17Q10034362,1119.375,1119.375,0.0,2000.0,2000.0,0.0,0.0,398000.0,CURRENT,0,PERFORMING,0.0
3,F17Q10034882,1361.25,1361.25,0.0,0.0,0.0,0.0,0.0,396000.0,CURRENT,0,PERFORMING,0.0
3,F17Q10035002,474.375,474.375,0.0,0.0,0.0,0.0,0.0,138000.0,CURRENT,0,PERFORMING,0.0
3,F17Q10035119,1189.375,1189.375,0.0,3000.0,3000.0,0.0,0.0,346000.0,CURRENT,0,PERFORMING,0.0
3,F17Q10035263,1046.25,1046.25,0.0,0.0,0.0,0.0,0.0,279000.0,CURRENT,0,PERFORMING,0.0
3,F17Q10035482,1183.3333333333333,1183.3333333333333,0.0,1000.0,1000.0,0.0,0.0,284000.0,CURRENT,0,PERFORMING,0.0
3,F17Q10035706,1777.2916666666667,1777.2916666666667,0.0,1000.0,1000.0,0.0,0.0,449000.0,CURRENT,0,PERFORMING,0.0
3,F17Q10036238,1214.0624999999998,1214.0624999999998,0.0,0.0,0.0,0.0,0.0,333000.0,CURRENT,0,PERFORMING,0.0
3,F17Q10036244,1165.2083333333335,1165.2083333333335,0.0,1000.0,1000.0,0.0,0.0,329000.0,CURRENT,0,PERFORMING,0.0
3,F17Q10036330,325.0,325.0,0.0,0.0,0.0,0.0,0.0,80000.0,CURRENT,0,PERFORMING,0.0
3,F17Q10036355,761.4583333333334,761.4583333333334,0.0,0.0,0.0,0.0,0.0,215000.0,CURRENT,0,PERFORMING,0.0
3,F17Q10036379,415.625,415.625,0.0,0.0,0.0,0.0,0.0,114000.0,CURRENT,0,PERFORMING,0.0
3,F17Q10036477,649.1666666666666,649.1666666666666,0.0,0.0,0.0,0.0,0.0,164000.0,CURRENT,0,PERFORMING,0.0
3,F17Q10036614,1012.5,1012.5,0.0,1000.0,1000.0,0.0,0.0,270000.0,CURRENT,0,PERFORMING,0.0
3,F17Q10036643,962.5,962.5,0.0,1000.0,1000.0,0.0,0.0,231000.0,CURRENT,0,PERFORMING,0.0
3,F17Q10036816,637.5,637.5,0.0,0.0,0.0,0.0,0.0,170000.0,CURRENT,0,PERFORMING,0.0
3,F17Q10037081,460.625,460.625,0.0,0.0,0.0,0.0,0.0,134000.0,CURRENT,0,PERFORMING,0.0
3,F17Q10037267,1286.25,1286.25,0.0,1000.0,1000.0,0.0,0.0,343000.0,CURRENT,0,PERFORMING,0.0
3,F17Q10037540,1058.75,1058.75,0.0,0.0,0.0,0.0,0.0,308000.0,CURRENT,0,PERFORMING,0.0
3,F17Q10037662,1246.8749999999998,1246.8749999999998,0.0,1000.0,1000.0,0.0,0.0,342000.0,CURRENT,0,PERFORMING,0.0
3,F17Q10037685,668.4375,668.4375,0.0,1000.0,1000.0,0.0,0.0,207000.0,CURRENT,0,PERFORMING,0.0
3,F17Q10038447,1121.25,1121.25,0.0,0.0,0.0,0.0,0.0,299000.0,CURRENT,0,PERFORMING,0.0
3,F17Q10038643,776.875,776.875,0.0,1000.0,1000.0,0.0,0.0,226000.0,CURRENT,0,PERFORMING,0.0
3,F17Q10038694,914.375,914.375,0.0,0.0,0.0,0.0,0.0,266000.0,CURRENT,0,PERFORMING,0.0
3,F17Q10038696,1343.3333333333333,1343.3333333333333,0.0,0.0,0.0,0.0,0.0,416000.0,CURRENT,0,PERFORMING,0.0
3,F17Q10038939,1039.7916666666667,1039.7916666666667,0.0,1000.0,1000.0,0.0,0.0,322000.0,CURRENT,0,PERFORMING,0.0
3,F17Q10039021,1423.125,1423.125,0.0,0.0,0.0,0.0,0.0,414000.0,CURRENT,0,PERFORMING,0.0
3,F17Q10039068,1430.0,1430.0,0.0,0.0,0.0,0.0,0.0,416000.0,CURRENT,0,PERFORMING,0.0
3,F17Q10039129,711.5625,711.5625,0.0,1000.0,1000.0,0.0,0.0,207000.0,CURRENT,0,PERFORMING,0.0
3,F17Q10039445,1690.0,1690.0,0.0,0.0,0.0,0.0,0.0,416000.0,CURRENT,0,PERFORMING,0.0
3,F17Q10039474,905.9375,905.9375,0.0,1000.0,1000.0,0.0,0.0,223000.0,CURRENT,0,PERFORMING,0.0
3,F17Q10039515,661.9791666666666,661.9791666666666,0.0,0.0,0.0,0.0,0.0,155000.0,CURRENT,0,PERFORMING,0.0
3,F17Q10039518,713.2291666666666,713.2291666666666,0.0,0.0,0.0,0.0,0.0,167000.0,CURRENT,0,PERFORMING,0.0
3,F17Q10039794,495.425,495.425,0.0,1000.0,1000.0,0.0,0.0,149000.0,CURRENT,0,PERFORMING,0.0
3,F17Q10040055,856.7708333333334,856.7708333333334,0.0,1000.0,1000.0,0.0,0.0,235000.0,CURRENT,0,PERFORMING,0.0
3,F17Q10040207,610.2083333333333,610.2083333333333,0.0,1000.0,1000.0,0.0,0.0,202000.0,CURRENT,0,PERFORMING,0.0
3,F17Q10040304,439.1666666666667,439.1666666666667,0.0,0.0,0.0,0.0,0.0,124000.0,CURRENT,0,PERFORMING,0.0
3,F17Q10040472,757.9166666666666,757.9166666666666,0.0,0.0,0.0,0.0,0.0,214000.0,CURRENT,0,PERFORMING,0.0
3,F17Q10040910,1646.6666666666667,1646.6666666666667,0.0,0.0,0.0,0.0,0.0,416000.0,CURRENT,0,PERFORMING,0.0
3,F17Q10041012,1603.3333333333333,1603.3333333333333,0.0,0.0,0.0,0.0,0.0,416000.0,CURRENT,0,PERFORMING,0.0
3,F17Q10041095,898.5416666666666,898.5416666666666,0.0,1000.0,1000.0,0.0,0.0,227000.0,CURRENT,0,PERFORMING,0.0
3,F17Q10041443,538.3333333333334,538.3333333333334,0.0,0.0,0.0,0.0,0.0,136000.0,CURRENT,0,PERFORMING,0.0
3,F17Q10041689,1430.0,1430.0,0.0,0.0,0.0,0.0,0.0,416000.0,CURRENT,0,PERFORMING,0.0
3,F17Q10041736,506.7708333333333,506.7708333333333,0.0,1000.0,1000.0,0.0,0.0,139000.0,CURRENT,0,PERFORMING,0.0
3,F17Q10041762,1115.625,1115.625,0.0,1000.0,1000.0,0.0,0.0,306000.0,CURRENT,0,PERFORMING,0.0
3,F17Q10041969,233.75,233.75,0.0,0.0,0.0,0.0,0.0,66000.0,CURRENT,0,PERFORMING,0.0
3,F17Q10042666,811.25,811.25,0.0,1000.0,1000.0,0.0,0.0,236000.0,CURRENT,0,PERFORMING,0.0
3,F17Q10042854,718.4375,718.4375,0.0,1000.0,1000.0,0.0,0.0,209000.0,CURRENT,0,PERFORMING,0.0
3,F17Q10042983,428.125,428.125,0.0,1000.0,1000.0,0.0,0.0,137000.0,CURRENT,0,PERFORMING,0.0
3,F17Q10043006,1210.4166666666665,1210.4166666666665,0.0,0.0,0.0,0.0,0.0,332000.0,CURRENT,0,PERFORMING,0.0
3,F17Q10043065,1340.625,1340.625,0.0,1000.0,1000.0,0.0,0.0,390000.0,CURRENT,0,PERFORMING,0.0
3,F17Q10043186,559.375,559.375,0.0,1000.0,1000.0,0.0,0.0,179000.0,CURRENT,0,PERFORMING,0.0
3,F17Q10043201,567.9166666666666,567.9166666666666,0.0,1000.0,1000.0,0.0,0.0,188000.0,CURRENT,0,PERFORMING,0.0
3,F17Q10043368,341.25,341.25,0.0,1000.0,1000.0,0.0,0.0,91000.0,CURRENT,0,PERFORMING,0.0
3,F17Q10043573,836.3541666666666,836.3541666666666,0.0,0.0,0.0,0.0,0.0,217000.0,CURRENT,0,PERFORMING,0.0
3,F17Q10044029,171.875,171.875,0.0,1000.0,1000.0,0.0,0.0,50000.0,CURRENT,0,PERFORMING,0.0
3,F17Q10044265,840.2083333333334,840.2083333333334,0.0,0.0,0.0,0.0,0.0,218000.0,CURRENT,0,PERFORMING,0.0
3,F17Q10044372,562.5,562.5,0.0,0.0,0.0,0.0,0.0,150000.0,CURRENT,0,PERFORMING,0.0
3,F17Q10044450,713.6458333333334,713.6458333333334,0.0,0.0,0.0,0.0,0.0,221000.0,CURRENT,0,PERFORMING,0.0
3,F17Q10044684,594.1666666666666,594.1666666666666,0.0,1000.0,1000.0,0.0,0.0,184000.0,CURRENT,0,PERFORMING,0.0
3,F17Q10044976,839.375,839.375,0.0,1000.0,1000.0,0.0,0.0,237000.0,CURRENT,0,PERFORMING,0.0
3,F17Q10045000,2223.9583333333335,2223.9583333333335,0.0,1000.0,1000.0,0.0,0.0,610000.0,CURRENT,0,PERFORMING,0.0
3,F17Q10045148,637.8333333333334,637.8333333333334,0.0,70000.0,70000.0,0.0,0.0,172000.0,CURRENT,0,PERFORMING,0.0
3,F17Q10045162,731.25,731.25,0.0,0.0,0.0,0.0,0.0,180000.0,CURRENT,0,PERFORMING,0.0
3,F17Q10045235,430.0,430.0,0.0,0.0,0.0,0.0,0.0,129000.0,CURRENT,0,PERFORMING,0.0
3,F17Q10045464,162.5,162.5,0.0,0.0,0.0,0.0,0.0,40000.0,CURRENT,0,PERFORMING,0.0
3,F17Q10045659,1159.2708333333333,1159.2708333333333,0.0,2000.0,2000.0,0.0,0.0,359000.0,CURRENT,0,PERFORMING,0.0
3,F17Q10046083,2013.75,2013.75,0.0,0.0,0.0,0.0,0.0,537000.0,CURRENT,0,PERFORMING,0.0
3,F17Q10046149,605.2083333333333,605.2083333333333,0.0,0.0,0.0,0.0,0.0,166000.0,CURRENT,0,PERFORMING,0.0
3,F17Q10046307,651.6666666666667,651.6666666666667,0.0,1000.0,1000.0,0.0,0.0,184000.0,CURRENT,0,PERFORMING,0.0
3,F17Q10046322,716.875,716.875,0.0,0.0,0.0,0.0,0.0,186000.0,CURRENT,0,PERFORMING,0.0
3,F17Q10046346,1553.2291666666667,1553.2291666666667,0.0,0.0,0.0,0.0,0.0,403000.0,CURRENT,0,PERFORMING,0.0
3,F17Q10046384,860.4166666666666,860.4166666666666,0.0,0.0,0.0,0.0,0.0,236000.0,CURRENT,0,PERFORMING,0.0
3,F17Q10046676,213.125,213.125,0.0,0.0,0.0,0.0,0.0,62000.0,CURRENT,0,PERFORMING,0.0
3,F17Q10046747,866.6666666666666,866.6666666666666,0.0,1000.0,1000.0,0.0,0.0,260000.0,CURRENT,0,PERFORMING,0.0
3,F17Q10046803,632.5,632.5,0.0,1000.0,1000.0,0.0,0.0,184000.0,CURRENT,0,PERFORMING,0.0
3,F17Q10046841,600.0,600.0,0.0,1000.0,1000.0,0.0,0.0,180000.0,CURRENT,0,PERFORMING,0.0
3,F17Q10046851,368.75,368.75,0.0,1000.0,1000.0,0.0,0.0,118000.0,CURRENT,0,PERFORMING,0.0
3,F17Q10046881,395.3125,395.3125,0.0,1000.0,1000.0,0.0,0.0,115000.0,CURRENT,0,PERFORMING,0.0
3,F17Q10047047,1071.875,1071.875,0.0,0.0,0.0,0.0,0.0,294000.0,CURRENT,0,PERFORMING,0.0
3,F17Q10047120,2340.0,2340.0,0.0,1000.0,1000.0,0.0,0.0,624000.0,CURRENT,0,PERFORMING,0.0
3,F17Q10047128,425.0,425.0,0.0,0.0,0.0,0.0,0.0,120000.0,CURRENT,0,PERFORMING,0.0
3,F17Q10047251,1666.1458333333333,1666.1458333333333,0.0,1000.0,1000.0,0.0,0.0,457000.0,CURRENT,0,PERFORMING,0.0
3,F17Q10047289,1023.5416666666666,1023.5416666666666,0.0,6000.0,6000.0,0.0,0.0,289000.0,CURRENT,0,PERFORMING,0.0
3,F17Q10047408,934.2908333333334,934.2908333333334,0.0,1000.0,1000.0,0.0,0.0,239000.0,CURRENT,0,PERFORMING,0.0
3,F17Q10047582,415.625,415.625,0.0,1000.0,1000.0,0.0,0.0,133000.0,CURRENT,0,PERFORMING,0.0
3,F17Q10047692,355.8333333333333,355.8333333333333,0.0,0.0,0.0,0.0,0.0,122000.0,CURRENT,0,PERFORMING,0.0
3,F17Q10047756,1124.1666666666667,1124.1666666666667,0.0,1000.0,1000.0,0.0,0.0,284000.0,CURRENT,0,PERFORMING,0.0
3,F17Q10048097,525.9375,525.9375,0.0,0.0,0.0,0.0,0.0,153000.0,CURRENT,0,PERFORMING,0.0
3,F17Q10048456,999.8958333333334,999.8958333333334,0.0,1000.0,1000.0,0.0,0.0,331000.0,CURRENT,0,PERFORMING,0.0
3,F17Q10048457,601.1458333333333,601.1458333333333,0.0,1000.0,1000.0,0.0,0.0,199000.0,CURRENT,0,PERFORMING,0.0
3,F17Q10048808,674.375,674.375,0.0,0.0,0.0,0.0,0.0,166000.0,CURRENT,0,PERFORMING,0.0
3,F17Q10048851,661.0416666666666,661.0416666666666,0.0,0.0,0.0,0.0,0.0,167000.0,CURRENT,0,PERFORMING,0.0
3,F17Q10048942,823.3333333333334,823.3333333333334,0.0,1000.0,1000.0,0.0,0.0,208000.0,CURRENT,0,PERFORMING,0.0
3,F17Q10049325,238.95833333333334,238.95833333333334,0.0,0.0,0.0,0.0,0.0,62000.0,CURRENT,0,PERFORMING,0.0
3,F17Q10049346,1011.5625,1011.5625,0.0,0.0,0.0,0.0,0.0,249000.0,CURRENT,0,PERFORMING,0.0
3,F17Q10049672,1376.6666666666667,1376.6666666666667,0.0,0.0,0.0,0.0,0.0,413000.0,CURRENT,0,PERFORMING,0.0
3,F17Q10049720,1077.3000000000002,1077.3000000000002,0.0,1000.0,1000.0,0.0,0.0,324000.0,CURRENT,0,PERFORMING,0.0
3,F17Q10049734,873.125,873.125,0.0,1000.0,1000.0,0.0,0.0,254000.0,CURRENT,0,PERFORMING,0.0
3,F17Q10050002,1542.1875,1542.1875,0.0,0.0,0.0,0.0,0.0,423000.0,CURRENT,0,PERFORMING,0.0
3,F17Q10050104,729.1666666666666,729.1666666666666,0.0,1000.0,1000.0,0.0,0.0,280000.0,CURRENT,0,PERFORMING,0.0
3,F17Q10050833,766.9791666666666,766.9791666666666,0.0,0.0,0.0,0.0,0.0,199000.0,CURRENT,0,PERFORMING,0.0
3,F17Q10050868,383.3333333333333,383.3333333333333,0.0,0.0,0.0,0.0,0.0,115000.0,CURRENT,0,PERFORMING,0.0
3,F17Q10050872,478.8,478.8,0.0,0.0,0.0,0.0,0.0,144000.0,CURRENT,0,PERFORMING,0.0
3,F17Q10050931,713.125,713.125,0.0,0.0,0.0,0.0,0.0,163000.0,CURRENT,0,PERFORMING,0.0
3,F17Q10051034,963.75,963.75,0.0,1000.0,1000.0,0.0,0.0,257000.0,CURRENT,0,PERFORMING,0.0
3,F17Q10051203,1437.5,1437.5,0.0,0.0,0.0,0.0,0.0,345000.0,CURRENT,0,PERFORMING,0.0
3,F17Q10051205,1044.4791666666667,1044.4791666666667,0.0,0.0,0.0,0.0,0.0,271000.0,CURRENT,0,PERFORMING,0.0
3,F17Q10051358,317.18749999999994,317.18749999999994,0.0,0.0,0.0,0.0,0.0,87000.0,CURRENT,0,PERFORMING,0.0
3,F17Q10051413,955.8333333333334,955.8333333333334,0.0,1000.0,1000.0,0.0,0.0,248000.0,CURRENT,0,PERFORMING,0.0
3,F17Q10051425,1151.0416666666667,1151.0416666666667,0.0,0.0,0.0,0.0,0.0,325000.0,CURRENT,0,PERFORMING,0.0
3,F17Q10051708,315.0,315.0,0.0,0.0,0.0,0.0,0.0,84000.0,CURRENT,0,PERFORMING,0.0
3,F17Q10052365,690.0,690.0,0.0,1000.0,1000.0,0.0,0.0,288000.0,CURRENT,0,PERFORMING,0.0
3,F17Q10052975,1391.3541666666667,1391.3541666666667,0.0,0.0,0.0,0.0,0.0,361000.0,CURRENT,0,PERFORMING,0.0
3,F17Q10053011,780.3125,780.3125,0.0,1000.0,1000.0,0.0,0.0,227000.0,CURRENT,0,PERFORMING,0.0
3,F17Q10053087,550.0,550.0,0.0,0.0,0.0,0.0,0.0,165000.0,CURRENT,0,PERFORMING,0.0
3,F17Q10053102,495.4166666666667,495.4166666666667,0.0,1000.0,1000.0,0.0,0.0,164000.0,CURRENT,0,PERFORMING,0.0
3,F17Q10053283,903.2291666666666,903.2291666666666,0.0,1000.0,1000.0,0.0,0.0,299000.0,CURRENT,0,PERFORMING,0.0
3,F17Q10053692,725.3125,725.3125,0.0,0.0,0.0,0.0,0.0,211000.0,CURRENT,0,PERFORMING,0.0
3,F17Q10053835,850.0,850.0,0.0,0.0,0.0,0.0,0.0,240000.0,CURRENT,0,PERFORMING,0.0
3,F17Q10053918,1393.0416666666667,1393.0416666666667,0.0,1000.0,1000.0,0.0,0.0,335000.0,CURRENT,0,PERFORMING,0.0
3,F17Q10054096,1179.3750000000002,1179.3750000000002,0.0,0.0,0.0,0.0,0.0,333000.0,CURRENT,0,PERFORMING,0.0
3,F17Q10054162,1338.7500000000002,1338.7500000000002,0.0,0.0,0.0,0.0,0.0,378000.0,CURRENT,0,PERFORMING,0.0
3,F17Q10054181,1469.7916666666667,1469.7916666666667,0.0,0.0,0.0,0.0,0.0,415000.0,CURRENT,0,PERFORMING,0.0
3,F17Q10054325,450.4166666666667,450.4166666666667,0.0,4000.0,4000.0,0.0,0.0,188000.0,CURRENT,0,PERFORMING,0.0
3,F17Q10054829,128.33333333333334,128.33333333333334,0.0,0.0,0.0,0.0,0.0,44000.0,CURRENT,0,PERFORMING,0.0
3,F17Q10056138,543.125,543.125,0.0,0.0,0.0,0.0,0.0,158000.0,CURRENT,0,PERFORMING,0.0
3,F17Q10056288,1075.9375,1075.9375,0.0,1000.0,1000.0,0.0,0.0,313000.0,CURRENT,0,PERFORMING,0.0
3,F17Q10056316,464.0625,464.0625,0.0,0.0,0.0,0.0,0.0,135000.0,CURRENT,0,PERFORMING,0.0
3,F17Q10056364,497.6416666666667,497.6416666666667,0.0,50000.0,50000.0,0.0,0.0,133000.0,CURRENT,0,PERFORMING,0.0
3,F17Q10056904,1210.0,1210.0,0.0,0.0,0.0,0.0,0.0,352000.0,CURRENT,0,PERFORMING,0.0
3,F17Q10057077,442.7083333333333,442.7083333333333,0.0,0.0,0.0,0.0,0.0,125000.0,CURRENT,0,PERFORMING,0.0
3,F17Q10057185,1630.3125,1630.3125,0.0,1000.0,1000.0,0.0,0.0,423000.0,CURRENT,0,PERFORMING,0.0
3,F17Q10057303,1345.3124999999998,1345.3124999999998,0.0,1000.0,1000.0,0.0,0.0,369000.0,CURRENT,0,PERFORMING,0.0
3,F17Q10057489,272.5,272.5,0.0,1000.0,1000.0,0.0,0.0,109000.0,CURRENT,0,PERFORMING,0.0
3,F17Q10057613,270.7291666666667,270.7291666666667,0.0,1000.0,1000.0,0.0,0.0,113000.0,CURRENT,0,PERFORMING,0.0
3,F17Q10057629,371.25,371.25,0.0,1000.0,1000.0,0.0,0.0,162000.0,CURRENT,0,PERFORMING,0.0
3,F17Q10058208,413.4375,413.4375,0.0,0.0,0.0,0.0,0.0,147000.0,CURRENT,0,PERFORMING,0.0
3,F17Q10058247,462.5,462.5,0.0,0.0,0.0,0.0,0.0,120000.0,CURRENT,0,PERFORMING,0.0
3,F17Q10058465,872.0833333333335,872.0833333333335,0.0,1000.0,1000.0,0.0,0.0,299000.0,CURRENT,0,PERFORMING,0.0
3,F17Q10058509,601.8750000000001,601.8750000000001,0.0,1000.0,1000.0,0.0,0.0,214000.0,CURRENT,0,PERFORMING,0.0
3,F17Q10058581,604.1666666666666,604.1666666666666,0.0,2000.0,2000.0,0.0,0.0,200000.0,CURRENT,0,PERFORMING,0.0
3,F17Q10058750,921.3541666666666,921.3541666666666,0.0,2000.0,2000.0,0.0,0.0,305000.0,CURRENT,0,PERFORMING,0.0
3,F17Q10058803,347.0833333333333,347.0833333333333,0.0,1000.0,1000.0,0.0,0.0,119000.0,CURRENT,0,PERFORMING,0.0
3,F17Q10058908,381.875,381.875,0.0,0.0,0.0,0.0,0.0,141000.0,CURRENT,0,PERFORMING,0.0
3,F17Q10058946,323.75000000000006,323.75000000000006,0.0,1000.0,1000.0,0.0,0.0,111000.0,CURRENT,0,PERFORMING,0.0
3,F17Q10059153,445.0,445.0,0.0,1000.0,1000.0,0.0,0.0,178000.0,CURRENT,0,PERFORMING,0.0
3,F17Q10059278,1020.0,1020.0,0.0,2000.0,2000.0,0.0,0.0,408000.0,CURRENT,0,PERFORMING,0.0
3,F17Q10059641,761.9791666666666,761.9791666666666,0.0,0.0,0.0,0.0,0.0,209000.0,CURRENT,0,PERFORMING,0.0
3,F17Q10059697,336.45833333333337,336.45833333333337,0.0,1000.0,1000.0,0.0,0.0,95000.0,CURRENT,0,PERFORMING,0.0
3,F17Q10059791,244.08333333333334,244.08333333333334,0.0,1000.0,1000.0,0.0,0.0,101000.0,CURRENT,0,PERFORMING,0.0
3,F17Q10059863,404.9533333333333,404.9533333333333,0.0,0.0,0.0,0.0,0.0,139000.0,CURRENT,0,PERFORMING,0.0
3,F17Q10059926,349.375,349.375,0.0,0.0,0.0,0.0,0.0,129000.0,CURRENT,0,PERFORMING,0.0
3,F17Q10060062,566.5625,566.5625,0.0,0.0,0.0,0.0,0.0,147000.0,CURRENT,0,PERFORMING,0.0
3,F17Q10060360,562.9166666666667,562.9166666666667,0.0,1000.0,1000.0,0.0,0.0,193000.0,CURRENT,0,PERFORMING,0.0
3,F17Q10060467,563.1250000000001,563.1250000000001,0.0,0.0,0.0,0.0,0.0,159000.0,CURRENT,0,PERFORMING,0.0
3,F17Q10060624,536.6666666666667,536.6666666666667,0.0,1000.0,1000.0,0.0,0.0,184000.0,CURRENT,0,PERFORMING,0.0
3,F17Q10060714,621.875,621.875,0.0,0.0,0.0,0.0,0.0,199000.0,CURRENT,0,PERFORMING,0.0
3,F17Q10060788,1123.7499999999998,1123.7499999999998,0.0,1000.0,1000.0,0.0,0.0,372000.0,CURRENT,0,PERFORMING,0.0
3,F17Q10060906,390.625,390.625,0.0,1000.0,1000.0,0.0,0.0,150000.0,CURRENT,0,PERFORMING,0.0
3,F17Q10061075,131.25000000000003,131.25000000000003,0.0,0.0,0.0,0.0,0.0,45000.0,CURRENT,0,PERFORMING,0.0
3,F17Q10061104,550.5208333333334,550.5208333333334,0.0,1000.0,1000.0,0.0,0.0,151000.0,CURRENT,0,PERFORMING,0.0
3,F17Q10061766,441.1458333333333,441.1458333333333,0.0,1000.0,1000.0,0.0,0.0,121000.0,CURRENT,0,PERFORMING,0.0
3,F17Q10061789,512.0500000000001,512.0500000000001,0.0,0.0,0.0,0.0,0.0,154000.0,CURRENT,0,PERFORMING,0.0
3,F17Q10061815,471.0416666666667,471.0416666666667,0.0,1000.0,1000.0,0.0,0.0,133000.0,CURRENT,0,PERFORMING,0.0
3,F17Q10061828,492.1000000000001,492.1000000000001,0.0,1000.0,1000.0,0.0,0.0,148000.0,CURRENT,0,PERFORMING,0.0
3,F17Q10061934,623.3333333333334,623.3333333333334,0.0,1000.0,1000.0,0.0,0.0,272000.0,CURRENT,0,PERFORMING,0.0
3,F17Q10062383,646.4583333333333,646.4583333333333,0.0,1000.0,1000.0,0.0,0.0,214000.0,CURRENT,0,PERFORMING,0.0
3,F17Q10062444,739.4791666666666,739.4791666666666,0.0,1000.0,1000.0,0.0,0.0,229000.0,CURRENT,0,PERFORMING,0.0
3,F17Q10062504,718.9583333333334,718.9583333333334,0.0,0.0,0.0,0.0,0.0,238000.0,CURRENT,0,PERFORMING,0.0
3,F17Q10062799,288.75000000000006,288.75000000000006,0.0,1000.0,1000.0,0.0,0.0,99000.0,CURRENT,0,PERFORMING,0.0
3,F17Q10062853,262.8125,262.8125,0.0,0.0,0.0,0.0,0.0,87000.0,CURRENT,0,PERFORMING,0.0
3,F17Q10063317,354.375,354.375,0.0,1000.0,1000.0,0.0,0.0,126000.0,CURRENT,0,PERFORMING,0.0
3,F17Q10063335,402.1875,402.1875,0.0,3000.0,3000.0,0.0,0.0,143000.0,CURRENT,0,PERFORMING,0.0
3,F17Q10063414,630.0000000000001,630.0000000000001,0.0,1000.0,1000.0,0.0,0.0,224000.0,CURRENT,0,PERFORMING,0.0
3,F17Q10064418,237.29166666666666,237.29166666666666,0.0,0.0,0.0,0.0,0.0,67000.0,CURRENT,0,PERFORMING,0.0
3,F17Q10065152,852.1875,852.1875,0.0,0.0,0.0,0.0,0.0,303000.0,CURRENT,0,PERFORMING,0.0
3,F17Q10065271,996.875,996.875,0.0,2000.0,2000.0,0.0,0.0,330000.0,CURRENT,0,PERFORMING,0.0
3,F17Q10065516,1204.5833333333335,1204.5833333333335,0.0,2000.0,2000.0,0.0,0.0,413000.0,CURRENT,0,PERFORMING,0.0
3,F17Q10065905,593.75,593.75,0.0,0.0,0.0,0.0,0.0,190000.0,CURRENT,0,PERFORMING,0.0
3,F17Q10065995,1447.3958333333333,1447.3958333333333,0.0,0.0,0.0,0.0,0.0,397000.0,CURRENT,0,PERFORMING,0.0
3,F17Q10066021,1215.625,1215.625,0.0,2000.0,2000.0,0.0,0.0,389000.0,CURRENT,0,PERFORMING,0.0
3,F17Q10066251,148.75000000000003,148.75000000000003,0.0,0.0,0.0,0.0,0.0,42000.0,CURRENT,0,PERFORMING,0.0
3,F17Q10066370,939.375,939.375,0.0,3000.0,3000.0,0.0,0.0,334000.0,CURRENT,0,PERFORMING,0.0
3,F17Q10066830,579.3750000000001,579.3750000000001,0.0,1000.0,1000.0,0.0,0.0,206000.0,CURRENT,0,PERFORMING,0.0
3,F17Q10067249,1451.25,1451.25,0.0,1000.0,1000.0,0.0,0.0,387000.0,CURRENT,0,PERFORMING,0.0
3,F17Q10067461,1156.0416666666667,1156.0416666666667,0.0,1000.0,1000.0,0.0,0.0,358000.0,CURRENT,0,PERFORMING,0.0
3,F17Q10067557,355.77500000000003,355.77500000000003,0.0,0.0,0.0,0.0,0.0,107000.0,CURRENT,0,PERFORMING,0.0
3,F17Q10067566,697.5,697.5,0.0,0.0,0.0,0.0,0.0,216000.0,CURRENT,0,PERFORMING,0.0
3,F17Q10067667,704.7916666666666,704.7916666666666,0.0,1000.0,1000.0,0.0,0.0,199000.0,CURRENT,0,PERFORMING,0.0
3,F17Q10067689,601.5624999999999,601.5624999999999,0.0,1000.0,1000.0,0.0,0.0,165000.0,CURRENT,0,PERFORMING,0.0
3,F17Q10067783,598.5000000000001,598.5000000000001,0.0,0.0,0.0,0.0,0.0,180000.0,CURRENT,0,PERFORMING,0.0
3,F17Q10068204,1421.0416666666667,1421.0416666666667,0.0,1000.0,1000.0,0.0,0.0,359000.0,CURRENT,0,PERFORMING,0.0
3,F17Q10068346,426.5625,426.5625,0.0,0.0,0.0,0.0,0.0,105000.0,CURRENT,0,PERFORMING,0.0
3,F17Q10068446,375.0,375.0,0.0,0.0,0.0,0.0,0.0,100000.0,CURRENT,0,PERFORMING,0.0
3,F17Q10068532,457.5,457.5,0.0,0.0,0.0,0.0,0.0,122000.0,CURRENT,0,PERFORMING,0.0
3,F17Q10068595,524.0625,524.0625,0.0,0.0,0.0,0.0,0.0,129000.0,CURRENT,0,PERFORMING,0.0
3,F17Q10068636,572.8125,572.8125,0.0,0.0,0.0,0.0,0.0,141000.0,CURRENT,0,PERFORMING,0.0
3,F17Q10068761,609.5833333333334,609.5833333333334,0.0,0.0,0.0,0.0,0.0,154000.0,CURRENT,0,PERFORMING,0.0
3,F17Q10069202,924.6875,924.6875,0.0,1000.0,1000.0,0.0,0.0,269000.0,CURRENT,0,PERFORMING,0.0
3,F17Q10070730,994.5833333333334,994.5833333333334,0.0,1000.0,1000.0,0.0,0.0,308000.0,CURRENT,0,PERFORMING,0.0
3,F17Q10070946,573.75,573.75,0.0,0.0,0.0,0.0,0.0,153000.0,CURRENT,0,PERFORMING,0.0
3,F17Q10071218,510.5208333333333,510.5208333333333,0.0,1000.0,1000.0,0.0,0.0,169000.0,CURRENT,0,PERFORMING,0.0
3,F17Q10071360,856.7708333333334,856.7708333333334,0.0,0.0,0.0,0.0,0.0,235000.0,CURRENT,0,PERFORMING,0.0
3,F17Q10071698,285.83333333333337,285.83333333333337,0.0,1000.0,1000.0,0.0,0.0,98000.0,CURRENT,0,PERFORMING,0.0
3,F17Q10072022,573.9583333333333,573.9583333333333,0.0,23000.0,23000.0,0.0,0.0,190000.0,CURRENT,0,PERFORMING,0.0
3,F17Q10072564,137.5,137.5,0.0,0.0,0.0,0.0,0.0,40000.0,CURRENT,0,PERFORMING,0.0
3,F17Q10072694,230.0,230.0,0.0,0.0,0.0,0.0,0.0,96000.0,CURRENT,0,PERFORMING,0.0
3,F17Q10073115,2118.3333333333335,2118.3333333333335,0.0,1000.0,1000.0,0.0,0.0,496000.0,CURRENT,0,PERFORMING,0.0
3,F17Q10073440,966.1458333333334,966.1458333333334,0.0,1000.0,1000.0,0.0,0.0,265000.0,CURRENT,0,PERFORMING,0.0
3,F17Q10073489,1306.5625,1306.5625,0.0,1000.0,1000.0,0.0,0.0,339000.0,CURRENT,0,PERFORMING,0.0
3,F17Q10073639,639.375,639.375,0.0,1000.0,1000.0,0.0,0.0,198000.0,CURRENT,0,PERFORMING,0.0
3,F17Q10074340,1498.125,1498.125,0.0,0.0,0.0,0.0,0.0,423000.0,CURRENT,0,PERFORMING,0.0
3,F17Q10074511,1143.9583333333335,1143.9583333333335,0.0,0.0,0.0,0.0,0.0,323000.0,CURRENT,0,PERFORMING,0.0
3,F17Q10074683,315.87500000000006,315.87500000000006,0.0,0.0,0.0,0.0,0.0,95000.0,CURRENT,0,PERFORMING,0.0
3,F17Q10074721,1391.6666666666667,1391.6666666666667,0.0,0.0,0.0,0.0,0.0,334000.0,CURRENT,0,PERFORMING,0.0
3,F17Q10074746,2078.125,2078.125,0.0,1000.0,1000.0,0.0,0.0,525000.0,CURRENT,0,PERFORMING,0.0
3,F17Q10074860,410.1041666666667,410.1041666666667,0.0,0.0,0.0,0.0,0.0,127000.0,CURRENT,0,PERFORMING,0.0
3,F17Q10075154,1572.5,1572.5,0.0,0.0,0.0,0.0,0.0,444000.0,CURRENT,0,PERFORMING,0.0
3,F17Q10075949,1112.5,1112.5,0.0,2000.0,2000.0,0.0,0.0,356000.0,CURRENT,0,PERFORMING,0.0
3,F17Q10076058,1563.75,1563.75,0.0,0.0,0.0,0.0,0.0,417000.0,CURRENT,0,PERFORMING,0.0
3,F17Q10076464,708.75,708.75,0.0,1000.0,1000.0,0.0,0.0,189000.0,CURRENT,0,PERFORMING,0.0
3,F17Q10078307,368.5416666666667,368.5416666666667,0.0,0.0,0.0,0.0,0.0,122000.0,CURRENT,0,PERFORMING,0.0
3,F17Q10079924,548.4375,548.4375,0.0,0.0,0.0,0.0,0.0,135000.0,CURRENT,0,PERFORMING,0.0
3,F17Q10079998,625.625,625.625,0.0,0.0,0.0,0.0,0.0,154000.0,CURRENT,0,PERFORMING,0.0
3,F17Q10080022,878.6458333333334,878.6458333333334,0.0,1000.0,1000.0,0.0,0.0,241000.0,CURRENT,0,PERFORMING,0.0
3,F17Q10080108,1258.75,1258.75,0.0,0.0,0.0,0.0,0.0,318000.0,CURRENT,0,PERFORMING,0.0
3,F17Q10080625,253.33333333333334,253.33333333333334,0.0,1000.0,1000.0,0.0,0.0,64000.0,CURRENT,0,PERFORMING,0.0
3,F17Q10081366,988.7500000000001,988.7500000000001,0.0,2000.0,2000.0,0.0,0.0,339000.0,CURRENT,0,PERFORMING,0.0
3,F17Q10081403,600.8333333333334,600.8333333333334,0.0,1000.0,1000.0,0.0,0.0,206000.0,CURRENT,0,PERFORMING,0.0
3,F17Q10081433,863.3333333333335,863.3333333333335,0.0,3000.0,3000.0,0.0,0.0,296000.0,CURRENT,0,PERFORMING,0.0
3,F17Q10082179,1251.25,1251.25,0.0,0.0,0.0,0.0,0.0,364000.0,CURRENT,0,PERFORMING,0.0
3,F17Q10082816,463.9583333333333,463.9583333333333,0.0,0.0,0.0,0.0,0.0,131000.0,CURRENT,0,PERFORMING,0.0
3,F17Q10083298,265.12499999999994,265.12499999999994,0.0,0.0,0.0,0.0,0.0,63000.0,CURRENT,0,PERFORMING,0.0
3,F17Q10083411,1175.5208333333333,1175.5208333333333,0.0,1000.0,1000.0,0.0,0.0,305000.0,CURRENT,0,PERFORMING,0.0
3,F17Q10084928,463.0208333333333,463.0208333333333,0.0,0.0,0.0,0.0,0.0,127000.0,CURRENT,0,PERFORMING,0.0
3,F17Q10085041,547.2916666666666,547.2916666666666,0.0,0.0,0.0,0.0,0.0,142000.0,CURRENT,0,PERFORMING,0.0
3,F17Q10085270,208.125,208.125,0.0,0.0,0.0,0.0,0.0,54000.0,CURRENT,0,PERFORMING,0.0
3,F17Q10085331,448.4375,448.4375,0.0,0.0,0.0,0.0,0.0,105000.0,CURRENT,0,PERFORMING,0.0
3,F17Q10085524,413.0,413.0,0.0,1000.0,1000.0,0.0,0.0,118000.0,CURRENT,0,PERFORMING,0.0
3,F17Q10086910,580.8333333333334,580.8333333333334,0.0,0.0,0.0,0.0,0.0,164000.0,CURRENT,0,PERFORMING,0.0
3,F17Q10087268,791.25,791.25,0.0,1000.0,1000.0,0.0,0.0,211000.0,CURRENT,0,PERFORMING,0.0
3,F17Q10088064,1149.5833333333333,1149.5833333333333,0.0,0.0,0.0,0.0,0.0,356000.0,CURRENT,0,PERFORMING,0.0
3,F17Q10088240,908.9499999999999,908.9499999999999,0.0,1000.0,1000.0,0.0,0.0,294000.0,CURRENT,0,PERFORMING,0.0
3,F17Q10089189,993.5416666666666,993.5416666666666,0.0,1000.0,1000.0,0.0,0.0,251000.0,CURRENT,0,PERFORMING,0.0
3,F17Q10089219,749.1666666666666,749.1666666666666,0.0,2000.0,2000.0,0.0,0.0,248000.0,CURRENT,0,PERFORMING,0.0
3,F17Q10089305,940.625,940.625,0.0,1000.0,1000.0,0.0,0.0,301000.0,CURRENT,0,PERFORMING,0.0
3,F17Q10090084,186.66666666666666,186.66666666666666,0.0,0.0,0.0,0.0,0.0,56000.0,CURRENT,0,PERFORMING,0.0
3,F17Q10091054,1152.3958333333333,1152.3958333333333,0.0,0.0,0.0,0.0,0.0,299000.0,CURRENT,1,PERFORMING,0.0
3,F17Q10093511,694.375,694.375,0.0,6000.0,6000.0,0.0,0.0,202000.0,CURRENT,0,PERFORMING,0.0
3,F17Q10093553,1330.0,1330.0,0.0,0.0,0.0,0.0,0.0,399000.0,CURRENT,0,PERFORMING,0.0
3,F17Q10093872,2331.4583333333335,2331.4583333333335,0.0,4000.0,4000.0,0.0,0.0,589000.0,CURRENT,0,PERFORMING,0.0
3,F17Q10094661,1646.6666666666667,1646.6666666666667,0.0,0.0,0.0,0.0,0.0,416000.0,CURRENT,0,PERFORMING,0.0
3,F17Q10096112,679.6874999999999,679.6874999999999,0.0,1000.0,1000.0,0.0,0.0,225000.0,CURRENT,0,PERFORMING,0.0
3,F17Q10097791,857.5000000000001,857.5000000000001,0.0,1000.0,1000.0,0.0,0.0,294000.0,CURRENT,0,PERFORMING,0.0
3,F17Q10097997,158.33333333333334,158.33333333333334,0.0,0.0,0.0,0.0,0.0,40000.0,CURRENT,0,PERFORMING,0.0
3,F17Q10098681,665.0000000000001,665.0000000000001,0.0,1000.0,1000.0,0.0,0.0,228000.0,CURRENT,0,PERFORMING,0.0
3,F17Q10099645,539.5833333333334,539.5833333333334,0.0,1000.0,1000.0,0.0,0.0,140000.0,CURRENT,0,PERFORMING,0.0
3,F17Q10099719,467.5,467.5,0.0,0.0,0.0,0.0,0.0,132000.0,CURRENT,0,PERFORMING,0.0
3,F17Q10100151,645.0,645.0,0.0,0.0,0.0,0.0,0.0,172000.0,CURRENT,0,PERFORMING,0.0
3,F17Q10100318,396.6666666666667,396.6666666666667,0.0,2000.0,2000.0,0.0,0.0,112000.0,CURRENT,0,PERFORMING,0.0
3,F17Q10100684,887.5,887.5,0.0,1000.0,1000.0,0.0,0.0,284000.0,CURRENT,0,PERFORMING,0.0
3,F17Q10100730,302.0833333333333,302.0833333333333,0.0,0.0,0.0,0.0,0.0,100000.0,CURRENT,0,PERFORMING,0.0
3,F17Q10101039,461.25,461.25,0.0,0.0,0.0,0.0,0.0,123000.0,CURRENT,0,PERFORMING,0.0
3,F17Q10101346,193.95833333333334,193.95833333333334,0.0,0.0,0.0,0.0,0.0,49000.0,CURRENT,0,PERFORMING,0.0
3,F17Q10101525,400.8333333333333,400.8333333333333,0.0,0.0,0.0,0.0,0.0,104000.0,CURRENT,0,PERFORMING,0.0
3,F17Q10102283,1144.7916666666667,1144.7916666666667,0.0,1000.0,1000.0,0.0,0.0,314000.0,CURRENT,0,PERFORMING,0.0
3,F17Q10102359,1090.1041666666667,1090.1041666666667,0.0,1000.0,1000.0,0.0,0.0,299000.0,CURRENT,0,PERFORMING,0.0
3,F17Q10102482,393.125,393.125,0.0,0.0,0.0,0.0,0.0,111000.0,CURRENT,0,PERFORMING,0.0
3,F17Q10102804,720.0,720.0,0.0,0.0,0.0,0.0,0.0,192000.0,CURRENT,0,PERFORMING,0.0
3,F17Q10103112,736.6666666666666,736.6666666666666,0.0,0.0,0.0,0.0,0.0,208000.0,CURRENT,0,PERFORMING,0.0
3,F17Q10104578,993.3333333333334,993.3333333333334,0.0,1000.0,1000.0,0.0,0.0,298000.0,CURRENT,0,PERFORMING,0.0
3,F17Q10104581,1075.9375,1075.9375,0.0,0.0,0.0,0.0,0.0,313000.0,CURRENT,0,PERFORMING,0.0
3,F17Q10104694,993.3333333333334,993.3333333333334,0.0,1000.0,1000.0,0.0,0.0,298000.0,CURRENT,0,PERFORMING,0.0
3,F17Q10105080,1491.0416666666667,1491.0416666666667,0.0,1000.0,1000.0,0.0,0.0,421000.0,CURRENT,0,PERFORMING,0.0
3,F17Q10105474,697.5,697.5,0.0,0.0,0.0,0.0,0.0,186000.0,CURRENT,0,PERFORMING,0.0
3,F17Q10107145,2264.0625,2264.0625,0.0,0.0,0.0,0.0,0.0,621000.0,CURRENT,0,PERFORMING,0.0
3,F17Q10107316,632.9166666666666,632.9166666666666,0.0,0.0,0.0,0.0,0.0,196000.0,CURRENT,0,PERFORMING,0.0
3,F17Q10108616,1289.1666666666667,1289.1666666666667,0.0,0.0,0.0,0.0,0.0,364000.0,CURRENT,0,PERFORMING,0.0
3,F17Q10108729,2366.4583333333335,2366.4583333333335,0.0,1000.0,1000.0,0.0,0.0,614000.0,CURRENT,0,PERFORMING,0.0
3,F17Q10109007,531.875,531.875,0.0,0.0,0.0,0.0,0.0,138000.0,CURRENT,0,PERFORMING,0.0
3,F17Q10109261,550.2083333333334,550.2083333333334,0.0,0.0,0.0,0.0,0.0,139000.0,CURRENT,0,PERFORMING,0.0
3,F17Q10109875,630.2083333333334,630.2083333333334,0.0,0.0,0.0,0.0,0.0,242000.0,CURRENT,0,PERFORMING,0.0
3,F17Q10110023,568.75,568.75,0.0,0.0,0.0,0.0,0.0,156000.0,CURRENT,0,PERFORMING,0.0
3,F17Q10110140,746.25,746.25,0.0,1000.0,1000.0,0.0,0.0,199000.0,CURRENT,0,PERFORMING,0.0
3,F17Q10111224,484.6875,484.6875,0.0,1000.0,1000.0,0.0,0.0,141000.0,CURRENT,0,PERFORMING,0.0
3,F17Q10111498,1096.5625,1096.5625,0.0,0.0,0.0,0.0,0.0,319000.0,CURRENT,0,PERFORMING,0.0
3,F17Q10111608,1378.4375,1378.4375,0.0,1000.0,1000.0,0.0,0.0,401000.0,CURRENT,0,PERFORMING,0.0
3,F17Q10111685,766.5625,766.5625,0.0,1000.0,1000.0,0.0,0.0,223000.0,CURRENT,0,PERFORMING,0.0
3,F17Q10112575,668.9583333333334,668.9583333333334,0.0,0.0,0.0,0.0,0.0,169000.0,CURRENT,0,PERFORMING,0.0
3,F17Q10113172,476.25,476.25,0.0,1000.0,1000.0,0.0,0.0,127000.0,CURRENT,0,PERFORMING,0.0
3,F17Q10113355,704.375,704.375,0.0,0.0,0.0,0.0,0.0,161000.0,CURRENT,0,PERFORMING,0.0
3,F17Q10113373,673.75,673.75,0.0,0.0,0.0,0.0,0.0,154000.0,CURRENT,0,PERFORMING,0.0
3,F17Q10113821,1163.0208333333333,1163.0208333333333,0.0,1000.0,1000.0,0.0,0.0,319000.0,CURRENT,0,PERFORMING,0.0
3,F17Q10113977,863.3333333333334,863.3333333333334,0.0,1000.0,1000.0,0.0,0.0,259000.0,CURRENT,0,PERFORMING,0.0
3,F17Q10114162,1683.3333333333333,1683.3333333333333,0.0,1000.0,1000.0,0.0,0.0,505000.0,CURRENT,0,PERFORMING,0.0
3,F17Q10114195,1143.9583333333335,1143.9583333333335,0.0,1000.0,1000.0,0.0,0.0,323000.0,CURRENT,0,PERFORMING,0.0
3,F17Q10114203,1354.375,1354.375,0.0,0.0,0.0,0.0,0.0,394000.0,CURRENT,0,PERFORMING,0.0
3,F17Q10114208,1450.625,1450.625,0.0,0.0,0.0,0.0,0.0,422000.0,CURRENT,0,PERFORMING,0.0
3,F17Q10114335,1543.4375,1543.4375,0.0,0.0,0.0,0.0,0.0,449000.0,CURRENT,0,PERFORMING,0.0
3,F17Q10114432,1839.0625,1839.0625,0.0,0.0,0.0,0.0,0.0,535000.0,CURRENT,0,PERFORMING,0.0
3,F17Q10114789,1356.6666666666667,1356.6666666666667,0.0,0.0,0.0,0.0,0.0,407000.0,CURRENT,0,PERFORMING,0.0
3,F17Q10116723,950.0,950.0,0.0,1000.0,1000.0,0.0,0.0,240000.0,CURRENT,0,PERFORMING,0.0
3,F17Q10117164,1268.7499999999998,1268.7499999999998,0.0,0.0,0.0,0.0,0.0,348000.0,CURRENT,0,PERFORMING,0.0
3,F17Q10119526,243.75,243.75,0.0,0.0,0.0,0.0,0.0,60000.0,CURRENT,0,PERFORMING,0.0
3,F17Q10119546,239.6875,239.6875,0.0,0.0,0.0,0.0,0.0,59000.0,CURRENT,0,PERFORMING,0.0
3,F17Q10121286,171.14583333333334,171.14583333333334,0.0,1000.0,1000.0,0.0,0.0,53000.0,CURRENT,0,PERFORMING,0.0
3,F17Q10122146,506.7708333333333,506.7708333333333,0.0,0.0,0.0,0.0,0.0,139000.0,CURRENT,0,PERFORMING,0.0
3,F17Q10122443,296.875,296.875,0.0,0.0,0.0,0.0,0.0,75000.0,CURRENT,0,PERFORMING,0.0
3,F17Q10123833,374.6875,374.6875,0.0,0.0,0.0,0.0,0.0,109000.0,CURRENT,0,PERFORMING,0.0
3,F17Q10123891,339.1666666666667,339.1666666666667,0.0,1000.0,1000.0,0.0,0.0,88000.0,CURRENT,0,PERFORMING,0.0
3,F17Q10124282,1093.75,1093.75,0.0,2000.0,2000.0,0.0,0.0,420000.0,CURRENT,0,PERFORMING,0.0
3,F17Q10124705,400.0,400.0,0.0,0.0,0.0,0.0,0.0,120000.0,CURRENT,0,PERFORMING,0.0
3,F17Q10125012,254.375,254.375,0.0,0.0,0.0,0.0,0.0,66000.0,CURRENT,0,PERFORMING,0.0
3,F17Q10125840,577.9166666666666,577.9166666666666,0.0,0.0,0.0,0.0,0.0,146000.0,CURRENT,0,PERFORMING,0.0
3,F17Q10125880,469.5833333333334,469.5833333333334,0.0,0.0,0.0,0.0,0.0,161000.0,CURRENT,0,PERFORMING,0.0
3,F17Q10127182,1206.7708333333333,1206.7708333333333,0.0,1000.0,1000.0,0.0,0.0,331000.0,CURRENT,0,PERFORMING,0.0
3,F17Q10127524,1008.75,1008.75,0.0,1000.0,1000.0,0.0,0.0,269000.0,CURRENT,0,PERFORMING,0.0
3,F17Q10127716,532.5,532.5,0.0,0.0,0.0,0.0,0.0,142000.0,CURRENT,0,PERFORMING,0.0
3,F17Q10130230,244.375,244.375,0.0,0.0,0.0,0.0,0.0,69000.0,CURRENT,0,PERFORMING,0.0
3,F17Q10132201,1242.9166666666667,1242.9166666666667,0.0,0.0,0.0,0.0,0.0,314000.0,CURRENT,0,PERFORMING,0.0
3,F17Q10132279,906.6666666666666,906.6666666666666,0.0,0.0,0.0,0.0,0.0,256000.0,CURRENT,0,PERFORMING,0.0
3,F17Q10133915,465.2083333333333,465.2083333333333,0.0,1000.0,1000.0,0.0,0.0,154000.0,CURRENT,0,PERFORMING,0.0
3,F17Q10141623,1167.075,1167.075,0.0,0.0,0.0,0.0,0.0,351000.0,CURRENT,0,PERFORMING,0.0
3,F17Q10146616,412.5,412.5,0.0,0.0,0.0,0.0,0.0,120000.0,CURRENT,0,PERFORMING,0.0
